DisplayName,CmeSymbol,Side,FilledQty,RemainingQty,AvgPrice,Time,OrderType,Contract Type
ArtArtArtArt,CL,Sell,1,0,72.53,2025-02-20 15:30:40 -0600,MKT,Future
ArtArtArtArt,CL,Buy,1,0,75.82,2025-01-21 18:36:38 -0600,LMT,Future
ArtArtArtArt,ETH,Buy,1,0,3338.0,2025-01-21 18:39:06 -0600,LMT,Future
Jordan Belfort,ES,Buy,5,0,6134.75,2025-01-23 13:34:41 -0600,LMT,Future
Jordan Belfort,ES,Sell,5,0,6134.75,2025-01-23 13:41:00 -0600,MKT,Future
Jordan Belfort,ES,Buy,3,0,6134.5,2025-01-23 13:55:50 -0600,MKT,Future
Jordan Belfort,ES,Sell,3,0,6136.25,2025-01-23 13:58:57 -0600,LMT,Future
Dani Nikolov,GC,Buy,5,0,2744.3,2025-01-21 00:11:07 -0600,MKT,Future
Dani Nikolov,GC,Sell,5,0,2747.9,2025-01-21 08:40:50 -0600,LMT,Future
Dani Nikolov,GC,Buy,7,0,2754.0,2025-01-21 10:13:28 -0600,MKT,Future
Dani Nikolov,GC,Sell,7,0,2761.3,2025-01-21 11:08:49 -0600,LMT,Future
Dani Nikolov,GC,Sell,8,0,2757.7,2025-01-21 11:46:39 -0600,MKT,Future
Dani Nikolov,GC,Buy,8,0,2756.6,2025-01-21 11:57:15 -0600,MKT,Future
Dani Nikolov,ES,Buy,5,0,6082.0,2025-01-21 12:00:24 -0600,MKT,Future
Dani Nikolov,ES,Sell,5,0,6085.3,2025-01-21 12:19:30 -0600,MKT,Future
Dani Nikolov,GC,Buy,6,0,2759.8,2025-01-21 12:33:18 -0600,MKT,Future
Dani Nikolov,GC,Sell,6,0,2761.1,2025-01-21 12:46:58 -0600,MKT,Future
Dani Nikolov,GC,Buy,8,0,2763.2,2025-01-21 19:45:53 -0600,MKT,Future
Dani Nikolov,GC,Sell,8,0,2762.1,2025-01-21 19:57:50 -0600,MKT,Future
Dani Nikolov,GC,Sell,8,0,2762.0,2025-01-21 19:58:13 -0600,MKT,Future
Dani Nikolov,GC,Buy,8,0,2763.8,2025-01-21 20:05:47 -0600,MKT,Future
Dani Nikolov,GC,Buy,8,0,2764.6,2025-01-21 20:13:28 -0600,MKT,Future
Dani Nikolov,GC,Sell,8,0,2768.4,2025-01-21 22:55:30 -0600,MKT,Future
Dani Nikolov,GC,Buy,8,0,2768.7,2025-01-21 23:33:21 -0600,MKT,Future
Dani Nikolov,GC,Sell,8,0,2770.9,2025-01-22 00:01:04 -0600,MKT,Future
Dani Nikolov,ES,Buy,6,0,6124.75,2025-01-22 09:41:42 -0600,MKT,Future
Dani Nikolov,ES,Sell,6,0,6130.75,2025-01-22 10:42:38 -0600,MKT,Future
Dani Nikolov,GC,Buy,8,0,2769.2,2025-01-22 11:35:32 -0600,MKT,Future
Dani Nikolov,GC,Sell,8,0,2745.3,2025-01-23 07:23:56 -0600,MKT,Future
Dani Nikolov,GC,Sell,7,0,2750.2,2025-01-23 08:19:48 -0600,MKT,Future
Dani Nikolov,GC,Buy,7,0,2751.7,2025-01-23 09:01:53 -0600,MKT,Future
Dani Nikolov,GC,Buy,7,0,2749.4,2025-01-23 09:22:58 -0600,MKT,Future
Dani Nikolov,GC,Buy,10,0,2935.0,2025-02-21 02:20:01 -0600,LMT,Future
Dani Nikolov,GC,Sell,10,0,2945.1,2025-02-20 22:17:35 -0600,MKT,Future
Dani Nikolov,GC,Sell,8,0,2765.0,2025-01-29 13:01:25 -0600,MKT,Future
Dani Nikolov,GC,Sell,8,0,2766.2,2025-01-29 13:01:40 -0600,MKT,Future
Dani Nikolov,GC,Buy,8,0,2773.9,2025-01-29 13:41:39 -0600,MKT,Future
Dani Nikolov,GC,Buy,7,0,2773.2,2025-01-29 13:43:05 -0600,MKT,Future
Dani Nikolov,GC,Sell,7,0,2823.3,2025-01-30 10:08:56 -0600,MKT,Future
Dani Nikolov,GC,Buy,8,0,2846.5,2025-01-30 12:02:41 -0600,MKT,Future
Dani Nikolov,GC,Sell,8,0,2844.4,2025-01-30 12:45:08 -0600,MKT,Future
Dani Nikolov,GC,Buy,8,0,2851.1,2025-01-31 08:06:28 -0600,MKT,Future
Dani Nikolov,GC,Sell,8,0,2861.0,2025-01-31 09:08:10 -0600,MKT,Future
Dani Nikolov,GC,Sell,8,0,2836.0,2025-02-02 18:38:07 -0600,LMT,Future
Dani Nikolov,GC,Buy,8,0,2833.9,2025-02-02 18:55:34 -0600,MKT,Future
Dani Nikolov,GC,Sell,8,0,2807.5,2025-02-02 21:58:38 -0600,MKT,Future
Dani Nikolov,GC,Buy,8,0,2814.7,2025-02-02 23:27:39 -0600,MKT,Future
Dani Nikolov,GC,Buy,8,0,2822.4,2025-02-03 01:54:45 -0600,MKT,Future
Dani Nikolov,GC,Sell,8,0,2842.2,2025-02-03 06:38:06 -0600,LMT,Future
Dani Nikolov,GC,Buy,8,0,2850.8,2025-02-03 07:31:55 -0600,MKT,Future
Dani Nikolov,GC,Sell,8,0,2858.1,2025-02-03 08:43:54 -0600,LMT,Future
Dani Nikolov,GC,Buy,8,0,2860.3,2025-02-03 11:50:23 -0600,MKT,Future
Dani Nikolov,GC,Sell,8,0,2857.8,2025-02-03 11:56:55 -0600,MKT,Future
Dani Nikolov,GC,Buy,8,0,2872.2,2025-02-04 10:45:13 -0600,MKT,Future
Dani Nikolov,GC,Sell,8,0,2900.0,2025-02-05 04:34:27 -0600,LMT,Future
Dani Nikolov,GC,Buy,8,0,2895.4,2025-02-05 09:08:17 -0600,MKT,Future
Dani Nikolov,GC,Buy,2,0,2876.8,2025-02-06 13:11:19 -0600,MKT,Future
Dani Nikolov,GC,Sell,10,0,2889.9,2025-02-07 10:41:08 -0600,MKT,Future
Dani Nikolov,GC,Buy,10,0,2900.5,2025-02-09 21:51:31 -0600,MKT,Future
Dani Nikolov,GC,Sell,10,0,2900.9,2025-02-09 22:04:51 -0600,MKT,Future
Dani Nikolov,GC,Buy,10,0,2907.8,2025-02-10 00:08:13 -0600,MKT,Future
Dani Nikolov,GC,Sell,10,0,2919.8,2025-02-10 01:31:30 -0600,LMT,Future
Dani Nikolov,GC,Buy,10,0,2935.3,2025-02-10 14:21:11 -0600,MKT,Future
Dani Nikolov,GC,Sell,10,0,2949.3,2025-02-10 19:08:01 -0600,LMT,Future
Dani Nikolov,GC,Buy,10,0,2946.1,2025-02-10 22:26:05 -0600,LMT,Future
Dani Nikolov,GC,Sell,10,0,2948.5,2025-02-11 00:21:18 -0600,MKT,Future
Dani Nikolov,GC,Buy,10,0,2926.7,2025-02-11 08:17:48 -0600,MKT,Future
Dani Nikolov,GC,Sell,10,0,2928.1,2025-02-11 11:02:49 -0600,MKT,Future
Dani Nikolov,GC,Buy,10,0,2923.3,2025-02-11 19:49:53 -0600,MKT,Future
Dani Nikolov,GC,Sell,10,0,2910.3,2025-02-11 22:57:22 -0600,MKT,Future
Dani Nikolov,GC,Buy,10,0,2917.6,2025-02-12 00:21:08 -0600,MKT,Future
Dani Nikolov,GC,Sell,10,0,2914.1,2025-02-12 09:11:04 -0600,MKT,Future
Dani Nikolov,GC,Buy,10,0,2933.1,2025-02-12 11:11:03 -0600,MKT,Future
Dani Nikolov,GC,Sell,10,0,2930.0,2025-02-12 11:44:57 -0600,MKT,Future
Dani Nikolov,GC,Buy,10,0,2942.1,2025-02-13 01:03:41 -0600,MKT,Future
Demetri Frangiadakis,ES,Buy,1,0,6033.75,2025-02-21 14:43:34 -0600,MKT,Future
Demetri Frangiadakis,ES,Buy,2,0,6032.0,2025-02-21 14:42:28 -0600,MKT,Future
Demetri Frangiadakis,ES,Buy,1,0,6033.0,2025-02-21 14:42:02 -0600,LMT,Future
Demetri Frangiadakis,ES,Buy,1,0,6033.5,2025-02-21 14:42:00 -0600,LMT,Future
Demetri Frangiadakis,ES,Buy,1,0,6034.25,2025-02-21 14:41:13 -0600,MKT,Future
Emma D,NQ,Sell,3,0,22170.0,2025-02-18 12:29:20 -0600,MKT,Future
Emma D,NQ,Sell,3,0,21583.5,2025-02-04 09:03:54 -0600,MKT,Future
Emma D,MNQ,Buy,3,0,21630.75,2025-02-04 09:13:58 -0600,MKT,Future
Emma D,NQ,Buy,3,0,21632.0,2025-02-04 09:16:18 -0600,LMT,Future
Emma D,ES,Sell,2,0,6059.5,2025-02-04 10:06:19 -0600,MKT,Future
Emma D,NQ,Sell,3,0,21659.25,2025-02-04 10:06:31 -0600,MKT,Future
Emma D,MNQ,Sell,3,0,21659.25,2025-02-04 10:06:31 -0600,MKT,Future
Emma D,NQ,Buy,1,0,21580.5,2025-02-04 11:48:52 -0600,MKT,Future
Emma D,NQ,Buy,1,0,21598.0,2025-02-04 11:51:15 -0600,MKT,Future
Emma D,NQ,Sell,2,0,21768.25,2025-02-06 08:44:16 -0600,MKT,Future
Emma D,NQ,Buy,4,0,21802.5,2025-02-06 10:15:48 -0600,MKT,Future
Emma D,GC,Buy,3,0,2877.8,2025-02-06 10:18:14 -0600,MKT,Future
Emma D,GC,Sell,3,0,2876.9,2025-02-06 12:07:50 -0600,MKT,Future
Emma D,NQ,Sell,4,0,21789.88,2025-02-07 09:08:42 -0600,MKT,Future
Emma D,NQ,Sell,4,0,21652.88,2025-02-09 18:29:40 -0600,MKT,Future
Emma D,NQ,Buy,4,0,21815.0,2025-02-10 09:02:19 -0600,MKT,Future
Emma D,NQ,Buy,3,0,21836.5,2025-02-10 09:05:54 -0600,MKT,Future
Emma D,MNQ,Buy,10,0,21559.65,2025-01-19 21:57:22 -0600,MKT,Future
Emma D,MNQ,Sell,10,0,21697.98,2025-01-20 10:59:54 -0600,MKT,Future
Emma D,MNQ,Buy,7,0,21722.5,2025-01-21 07:58:12 -0600,MKT,Future
Emma D,MNQ,Sell,7,0,21711.04,2025-01-21 08:19:21 -0600,MKT,Future
Emma D,MNQ,Buy,10,0,21663.98,2025-01-21 08:48:28 -0600,MKT,Future
Emma D,MNQ,Sell,10,0,21593.75,2025-01-21 08:54:19 -0600,MKT,Future
Emma D,MNQ,Buy,6,0,21714.96,2025-01-21 11:45:22 -0600,MKT,Future
Emma D,ES,Buy,3,0,6100.5,2025-01-21 18:52:20 -0600,MKT,Future
Emma D,MES,Buy,9,0,6100.75,2025-01-21 18:52:56 -0600,MKT,Future
Emma D,MYM,Buy,8,0,44257.0,2025-01-21 18:53:38 -0600,MKT,Future
Emma D,GC,Buy,1,0,2762.9,2025-01-21 18:57:31 -0600,MKT,Future
Emma D,MNQ,Sell,6,0,21859.25,2025-01-24 13:18:14 -0600,MKT,Future
Emma D,ES,Sell,3,0,6126.0,2025-01-24 13:18:19 -0600,MKT,Future
Emma D,MES,Sell,9,0,6125.5,2025-01-24 13:18:29 -0600,MKT,Future
Emma D,MYM,Sell,8,0,44585.0,2025-01-24 13:18:45 -0600,MKT,Future
Emma D,GC,Buy,2,0,2779.4,2025-01-24 13:19:23 -0600,MKT,Future
Emma D,MNQ,Buy,8,0,21670.19,2025-01-29 21:55:53 -0600,MKT,Future
Emma D,MES,Buy,8,0,6091.72,2025-01-29 21:56:06 -0600,MKT,Future
Emma D,GC,Sell,3,0,2819.9,2025-01-30 10:33:08 -0600,MKT,Future
Emma D,MES,Sell,8,0,6080.75,2025-01-30 10:46:26 -0600,MKT,Future
Emma D,MNQ,Sell,8,0,21554.75,2025-01-30 10:46:34 -0600,MKT,Future
Emma D,NQ,Buy,3,0,21445.58,2025-02-04 08:32:41 -0600,MKT,Future
Emma D,ES,Buy,2,0,6030.0,2025-02-04 08:39:50 -0600,MKT,Future
Fatima Afolabi,RTY,Sell,4,0,2268.0,2025-02-12 11:35:56 -0600,MKT,Future
Fatima Afolabi,EMD,Sell,1,0,3186.0,2025-02-12 11:36:15 -0600,MKT,Future
Fatima Afolabi,NQ,Buy,1,0,21861.75,2025-02-12 16:45:30 -0600,LMT,Future
Fatima Afolabi,EMD,Buy,1,0,3270.2,2025-01-20 21:08:03 -0600,LMT,Future
Fatima Afolabi,RTY,Buy,2,0,2303.9,2025-01-20 21:09:13 -0600,LMT,Future
Fatima Afolabi,NQ,Buy,2,0,21637.0,2025-01-20 21:25:08 -0600,LMT,Future
Fatima Afolabi,RTY,Buy,1,0,2307.8,2025-01-20 21:25:43 -0600,LMT,Future
Fatima Afolabi,NQ,Sell,2,0,21617.0,2025-01-20 22:15:33 -0600,MKT,Future
Fatima Afolabi,RTY,Buy,1,0,2304.9,2025-01-20 22:28:47 -0600,LMT,Future
Fatima Afolabi,ES,Buy,1,0,6044.0,2025-01-20 22:29:25 -0600,LMT,Future
Fatima Afolabi,LE,Buy,1,0,197.2,2025-01-22 08:30:00 -0600,LMT,Future
Fatima Afolabi,ES,Buy,1,0,6124.25,2025-01-22 10:17:43 -0600,LMT,Future
Fatima Afolabi,NG,Buy,1,0,3.905,2025-01-22 10:48:11 -0600,LMT,Future
Fatima Afolabi,NG,Sell,1,0,3.899,2025-01-22 10:48:37 -0600,MKT,Future
Fatima Afolabi,ES,Buy,1,0,6131.0,2025-01-23 11:54:57 -0600,LMT,Future
jon1,ES,Sell,3,0,117.75,2025-01-29 14:03:12 -0600,LMT,Option
jon1,ES,Buy,3,0,119.25,2025-01-29 14:19:49 -0600,MKT,Option
JEFE,GC,Sell,3,0,2820.4,2025-01-30 12:18:24 -0600,MKT,Future
JEFE,ES,Buy,4,0,6123.25,2025-01-23 09:52:19 -0600,LMT,Future
JEFE,ES,Buy,2,0,6154.75,2025-01-24 10:45:33 -0600,LMT,Future
JEFE,ES,Sell,4,0,6140.0,2025-01-24 11:56:45 -0600,STP,Future
JEFE,ES,Sell,2,0,6140.0,2025-01-24 11:56:45 -0600,STP,Future
JEFE,GC,Buy,9,0,2892.6,2025-02-05 10:37:10 -0600,LMT,Future
JEFE,GC,Sell,9,0,2878.8,2025-02-06 00:57:36 -0600,STP,Future
John Stroud,ES,Sell,1,0,6026.0,2025-02-04 08:48:07 -0600,MKT,Future
John Stroud,PA,Sell,1,0,987.5,2025-02-07 08:42:28 -0600,MKT,Future
John Stroud,GC,Buy,1,0,2929.3,2025-02-07 08:42:29 -0600,MKT,Future
John Stroud,PA,Buy,1,0,30.5,2025-02-10 07:50:27 -0600,MKT,Option
John Stroud,GC,Buy,1,0,2927.4,2025-02-10 07:52:25 -0600,LMT,Future
John Stroud,CL,Sell,1,0,71.87,2025-02-10 07:53:49 -0600,LMT,Future
John Stroud,GC,Buy,2,0,2943.3,2025-02-10 21:57:19 -0600,LMT,Future
John Stroud,CL,Buy,1,0,72.51,2025-02-10 22:44:25 -0600,MKT,Future
John Stroud,GC,Sell,3,0,2944.2,2025-02-10 22:44:52 -0600,MKT,Future
John Stroud,GC,Buy,3,0,2924.2,2025-02-10 22:45:16 -0600,LMT,Future
John Stroud,PA,Sell,1,0,24.4,2025-02-10 22:45:58 -0600,MKT,Option
John Stroud,GC,Buy,2,0,101.7,2025-02-10 22:47:01 -0600,MKT,Option
John Stroud,GC,Sell,3,0,99.8,2025-02-10 22:50:07 -0600,MKT,Option
John Stroud,GC,Sell,3,0,2937.9,2025-02-13 21:06:06 -0600,MKT,Future
John Stroud,GC,Buy,3,0,91.93,2025-02-13 21:06:12 -0600,MKT,Option
John Stroud,GC,Buy,5,0,2935.4,2025-02-13 21:42:14 -0600,LMT,Future
John Stroud,TN,Buy,2,0,0.234375,2025-02-18 09:26:30 -0600,MKT,Option
John Stroud,ZF,Buy,5,0,106.390625,2025-02-18 09:27:53 -0600,LMT,Future
John Stroud,GC,Buy,2,0,2849.5,2025-01-30 15:38:06 -0600,LMT,Future
John Stroud,GC,Sell,1,0,2827.3,2025-01-30 15:39:11 -0600,MKT,Future
John Stroud,PL,Sell,1,0,1026.4,2025-01-30 15:39:57 -0600,MKT,Future
John Stroud,NIY,Sell,1,0,39575.0,2025-01-30 15:40:06 -0600,MKT,Future
John Stroud,ZB,Buy,2,0,114.59375,2025-01-30 15:43:01 -0600,LMT,Future
John Stroud,TN,Buy,2,0,111.796875,2025-01-30 15:43:15 -0600,LMT,Future
John Stroud,TN,Sell,2,0,111.78125,2025-01-30 15:46:24 -0600,MKT,Future
John Stroud,ZB,Sell,2,0,114.5625,2025-01-30 15:46:28 -0600,MKT,Future
John Stroud,NQ,Sell,1,0,21741.5,2025-01-30 22:25:43 -0600,MKT,Future
John Stroud,YM,Buy,1,0,924.0,2025-01-30 22:34:01 -0600,LMT,Option
John Stroud,YM,Sell,1,0,626.0,2025-01-31 09:00:44 -0600,MKT,Option
John Stroud,YM,Buy,1,0,45053.0,2025-01-31 09:03:38 -0600,LMT,Future
John Stroud,YM,Buy,1,0,835.0,2025-01-31 09:04:30 -0600,LMT,Option
John Stroud,YM,Sell,1,0,641.0,2025-01-31 10:07:45 -0600,MKT,Option
John Stroud,PA,Buy,3,0,1066.0,2025-01-31 10:52:52 -0600,LMT,Future
John Stroud,GC,Sell,1,0,63.7,2025-01-31 11:31:33 -0600,MKT,Option
John Stroud,GC,Buy,1,0,68.7,2025-01-31 11:46:20 -0600,MKT,Option
John Stroud,PA,Sell,3,0,1072.5,2025-01-31 11:59:35 -0600,MKT,Future
John Stroud,RTY,Buy,3,0,2294.9,2025-01-31 15:27:31 -0600,LMT,Future
John Stroud,PA,Buy,1,0,1030.0,2025-02-04 08:42:54 -0600,LMT,Future
John Stroud,GC,Sell,2,0,2872.2,2025-02-04 08:44:14 -0600,MKT,Future
John Stroud,GC,Sell,1,0,2897.0,2025-02-04 08:46:00 -0600,LMT,Future
John Stroud,RTY,Sell,3,0,2269.5,2025-02-04 08:47:50 -0600,MKT,Future
John Stroud,YM,Sell,1,0,44484.0,2025-02-04 08:48:01 -0600,MKT,Future
John Stroud,6S,Sell,1,0,1.11615,2025-02-20 11:41:52 -0600,MKT,Future
John Stroud,6S,Buy,2,0,1.11455,2025-02-21 08:34:44 -0600,LMT,Future
John Stroud,ES,Sell,1,0,6138.5,2025-02-21 08:27:21 -0600,MKT,Future
John Stroud,6J,Buy,3,0,0.006653,2025-02-20 20:38:25 -0600,LMT,Future
John Stroud,ES,Buy,1,0,6118.25,2025-02-20 11:51:53 -0600,LMT,Future
John Stroud,NIY,Buy,1,0,38460.0,2025-02-20 11:49:34 -0600,LMT,Future
John Stroud,PL,Sell,1,0,996.6,2025-02-20 11:41:57 -0600,MKT,Future
John Stroud,ZF,Sell,5,0,106.5,2025-02-20 11:41:45 -0600,MKT,Future
John Stroud,GC,Sell,5,0,2943.7,2025-02-20 11:39:14 -0600,MKT,Future
John Stroud,6J,Sell,1,0,0.006677,2025-02-20 00:29:20 -0600,MKT,Future
John Stroud,MES,Buy,1,0,6142.25,2025-02-20 00:21:27 -0600,LMT,Future
John Stroud,MES,Buy,1,0,6144.5,2025-02-19 22:11:19 -0600,LMT,Future
John Stroud,PL,Buy,1,0,991.6,2025-02-19 22:02:09 -0600,MKT,Future
John Stroud,TN,Sell,2,0,0.09375,2025-02-19 21:57:46 -0600,MKT,Option
John Stroud,GC,Sell,2,0,101.4,2025-02-19 00:40:31 -0600,MKT,Option
John Stroud,6J,Buy,1,0,0.006603,2025-02-18 13:34:52 -0600,LMT,Future
John Stroud,6S,Buy,1,0,1.11025,2025-02-18 13:40:16 -0600,LMT,Future
John Stroud,ZN,Buy,2,0,108.625,2025-01-21 21:14:26 -0600,LMT,Future
John Stroud,ES,Buy,1,0,6101.5,2025-01-21 21:16:23 -0600,LMT,Future
John Stroud,NQ,Buy,1,0,21845.5,2025-01-22 00:50:37 -0600,LMT,Future
John Stroud,NQ,Sell,1,0,21864.25,2025-01-22 01:36:48 -0600,LMT,Future
John Stroud,MGC,Buy,2,0,2768.0,2025-01-22 08:01:06 -0600,LMT,Future
John Stroud,PA,Buy,2,0,987.5,2025-01-22 08:06:09 -0600,LMT,Future
John Stroud,MGC,Sell,2,0,2765.5,2025-01-22 08:06:30 -0600,STP,Future
John Stroud,ES,Buy,3,0,6114.75,2025-01-22 08:19:41 -0600,LMT,Future
John Stroud,ES,Sell,1,0,6120.25,2025-01-22 08:54:27 -0600,LMT,Future
John Stroud,PA,Sell,2,0,1000.0,2025-01-22 19:25:57 -0600,MKT,Future
John Stroud,NIY,Buy,1,0,39835.0,2025-01-22 19:51:15 -0600,LMT,Future
John Stroud,ES,Sell,3,0,6108.5,2025-01-23 01:42:01 -0600,STP,Future
John Stroud,ZN,Sell,2,0,108.296875,2025-01-23 06:50:37 -0600,MKT,Future
John Stroud,PA,Buy,2,0,1005.0,2025-01-23 06:51:54 -0600,LMT,Future
John Stroud,ZM,Buy,2,0,317.2,2025-01-23 06:53:03 -0600,LMT,Future
John Stroud,NIY,Sell,1,0,39710.0,2025-01-23 07:36:43 -0600,STP,Future
John Stroud,PA,Buy,2,0,1013.5,2025-01-23 08:54:40 -0600,LMT,Future
John Stroud,PA,Sell,4,0,1013.0,2025-01-23 09:05:45 -0600,MKT,Future
John Stroud,QM,Buy,5,0,75.95,2025-01-23 09:09:04 -0600,LMT,Future
John Stroud,PA,Buy,5,0,1014.5,2025-01-23 09:16:19 -0600,LMT,Future
John Stroud,PA,Sell,5,0,1012.0,2025-01-23 10:14:43 -0600,MKT,Future
John Stroud,RTY,Buy,5,0,2319.7,2025-01-23 10:22:33 -0600,LMT,Future
John Stroud,YM,Buy,2,0,44595.0,2025-01-23 10:25:19 -0600,LMT,Future
John Stroud,QM,Sell,5,0,74.575,2025-01-23 12:44:00 -0600,MKT,Future
John Stroud,ES,Buy,1,0,6135.5,2025-01-23 12:44:54 -0600,LMT,Future
John Stroud,RTY,Sell,5,0,2323.7,2025-01-23 18:38:57 -0600,MKT,Future
John Stroud,YM,Sell,2,0,44731.0,2025-01-23 18:39:02 -0600,MKT,Future
John Stroud,ES,Sell,1,0,6147.0,2025-01-23 18:39:19 -0600,MKT,Future
John Stroud,GC,Buy,2,0,2767.6,2025-01-23 18:44:30 -0600,LMT,Future
John Stroud,PA,Buy,1,0,1019.0,2025-01-23 18:57:05 -0600,LMT,Future
John Stroud,ZM,Sell,2,0,309.5,2025-01-23 19:00:00 -0600,MKT,Future
John Stroud,ES,Buy,1,0,6154.0,2025-01-23 20:36:47 -0600,LMT,Future
John Stroud,ES,Buy,2,0,6154.5,2025-01-23 20:37:20 -0600,LMT,Future
John Stroud,MNQ,Buy,3,0,22045.75,2025-01-23 20:45:29 -0600,LMT,Future
John Stroud,LE,Buy,1,0,202.85,2025-01-24 09:36:29 -0600,LMT,Future
John Stroud,GC,Sell,2,0,2781.2,2025-01-24 10:15:10 -0600,MKT,Future
John Stroud,ES,Sell,3,0,6150.5,2025-01-24 10:15:18 -0600,MKT,Future
John Stroud,PA,Sell,1,0,1015.0,2025-01-24 10:15:18 -0600,MKT,Future
John Stroud,LE,Sell,1,0,202.175,2025-01-24 10:15:18 -0600,MKT,Future
John Stroud,MNQ,Sell,3,0,21996.67,2025-01-24 10:15:18 -0600,MKT,Future
John Stroud,ZF,Buy,1,0,106.226563,2025-01-24 10:20:36 -0600,LMT,Future
John Stroud,TN,Buy,1,0,110.953125,2025-01-24 10:21:02 -0600,LMT,Future
John Stroud,GC,Buy,1,0,2783.0,2025-01-24 10:34:01 -0600,LMT,Future
John Stroud,PA,Buy,1,0,1020.0,2025-01-24 10:35:12 -0600,LMT,Future
John Stroud,PL,Buy,1,0,973.6,2025-01-24 10:40:06 -0600,LMT,Future
John Stroud,ZF,Sell,1,0,106.21875,2025-01-24 10:40:39 -0600,MKT,Future
John Stroud,TN,Sell,1,0,110.9375,2025-01-24 10:40:46 -0600,MKT,Future
John Stroud,ES,Buy,2,0,6154.75,2025-01-24 10:42:04 -0600,LMT,Future
John Stroud,NIY,Buy,1,0,40555.0,2025-01-24 10:44:16 -0600,LMT,Future
John Stroud,PA,Sell,1,0,1015.5,2025-01-24 10:51:19 -0600,MKT,Future
John Stroud,ES,Sell,2,0,6148.25,2025-01-24 11:01:59 -0600,MKT,Future
All_Delta_No_Theta,ES,Sell,5,0,6086.75,2025-02-12 23:12:59 -0600,LMT,Future
All_Delta_No_Theta,ES,Buy,5,0,6144.0,2025-02-13 23:02:06 -0600,MKT,Future
MichalMika,SI,Buy,2,0,0.722,2025-02-04 10:58:02 -0600,MKT,Option
MichalMika,CL,Buy,2,0,1.21,2025-02-04 10:59:23 -0600,MKT,Option
MichalMika,BTC,Buy,1,0,3350.0,2025-02-04 11:00:00 -0600,MKT,Option
MichalMika,GC,Buy,4,0,63.5,2025-02-05 15:46:29 -0600,MKT,Option
MichalMika,ES,Buy,2,0,6067.75,2025-02-07 11:49:03 -0600,MKT,Future
MichalMika,ES,Buy,1,0,6066.25,2025-02-07 11:50:57 -0600,MKT,Future
MichalMika,ES,Buy,1,0,6061.5,2025-02-07 11:52:32 -0600,MKT,Future
MichalMika,ES,Sell,4,0,6068.56,2025-02-07 12:03:14 -0600,MKT,Future
MichalMika,ES,Buy,2,0,6092.25,2025-02-10 13:19:41 -0600,MKT,Future
MichalMika,ES,Sell,2,0,6093.5,2025-02-10 13:21:33 -0600,MKT,Future
MichalMika,ES,Buy,1,0,6095.25,2025-02-10 13:23:02 -0600,MKT,Future
MichalMika,ES,Buy,1,0,6093.75,2025-02-10 13:25:13 -0600,MKT,Future
MichalMika,ES,Buy,1,0,6091.5,2025-02-10 13:41:41 -0600,MKT,Future
MichalMika,ES,Buy,1,0,6088.75,2025-02-10 13:52:05 -0600,MKT,Future
MichalMika,ES,Sell,4,0,6094.5,2025-02-11 20:34:07 -0600,MKT,Future
MichalMika,GC,Sell,4,0,96.1,2025-02-12 23:26:26 -0600,MKT,Option
MichalMika,CL,Sell,2,0,0.01,2025-02-14 15:37:02 -0600,MKT,Option
MichalMika,BTC,Buy,3,0,2285.0,2025-02-18 12:02:54 -0600,MKT,Option
MichalMika,GC,Buy,2,0,7.8,2025-01-27 17:05:03 -0600,MKT,Option
MichalMika,GC,Sell,2,0,22.5,2025-01-28 12:16:35 -0600,MKT,Option
MichalMika,ES,Buy,2,0,6079.25,2025-01-29 09:28:02 -0600,MKT,Future
MichalMika,ES,Sell,4,0,6082.25,2025-01-29 09:33:50 -0600,MKT,Future
MichalMika,ES,Sell,2,0,6081.0,2025-01-29 09:35:17 -0600,MKT,Future
MichalMika,ES,Buy,2,0,6077.25,2025-01-29 09:56:54 -0600,MKT,Future
MichalMika,ES,Buy,1,0,6078.5,2025-01-29 09:57:59 -0600,MKT,Future
MichalMika,ES,Buy,1,0,6074.25,2025-01-29 10:19:21 -0600,MKT,Future
MichalMika,ES,Buy,1,0,6075.25,2025-01-29 10:38:08 -0600,MKT,Future
MichalMika,ES,Buy,1,0,6071.75,2025-01-29 10:40:56 -0600,MKT,Future
MichalMika,ES,Buy,2,0,6072.25,2025-01-29 10:56:53 -0600,MKT,Future
MichalMika,ES,Sell,6,0,6083.5,2025-01-29 11:24:31 -0600,MKT,Future
MichalMika,ES,Buy,2,0,6051.0,2025-01-29 13:15:07 -0600,MKT,Future
MichalMika,ES,Buy,3,0,6044.5,2025-01-29 13:19:24 -0600,MKT,Future
MichalMika,ES,Sell,5,0,6048.5,2025-01-29 13:20:23 -0600,MKT,Future
MichalMika,PL,Buy,3,0,37.5,2025-01-29 13:21:51 -0600,MKT,Option
MichalMika,BTC,Buy,1,0,1665.0,2025-01-29 13:22:31 -0600,MKT,Option
MichalMika,ES,Buy,1,0,6045.25,2025-01-29 13:29:45 -0600,MKT,Future
MichalMika,ES,Sell,1,0,6050.25,2025-01-29 13:31:09 -0600,MKT,Future
MichalMika,ES,Buy,1,0,6074.0,2025-01-29 13:43:14 -0600,MKT,Future
MichalMika,ES,Sell,1,0,6075.25,2025-01-29 13:46:39 -0600,MKT,Future
MichalMika,ES,Buy,1,0,6064.5,2025-01-29 14:07:57 -0600,MKT,Future
MichalMika,ES,Sell,1,0,6068.75,2025-01-29 14:09:41 -0600,MKT,Future
MichalMika,ES,Buy,1,0,6068.5,2025-01-29 14:21:04 -0600,MKT,Future
MichalMika,ES,Sell,1,0,6071.25,2025-01-29 14:21:21 -0600,MKT,Future
MichalMika,PL,Sell,3,0,35.2,2025-01-29 15:41:32 -0600,MKT,Option
MichalMika,ES,Sell,2,0,6089.5,2025-01-29 08:23:19 -0600,MKT,Future
MichalMika,ES,Buy,2,0,6089.75,2025-01-29 08:28:01 -0600,MKT,Future
MichalMika,ES,Buy,2,0,6088.0,2025-01-29 08:28:39 -0600,MKT,Future
MichalMika,BTC,Sell,1,0,2120.0,2025-01-29 18:16:30 -0600,MKT,Option
MichalMika,ES,Buy,2,0,6085.5,2025-01-29 19:20:13 -0600,MKT,Future
MichalMika,ES,Sell,2,0,6085.5,2025-01-29 19:25:30 -0600,MKT,Future
MichalMika,ES,Buy,5,0,6085.5,2025-01-29 19:28:07 -0600,MKT,Future
MichalMika,ES,Sell,5,0,6087.5,2025-01-29 19:32:04 -0600,MKT,Future
MichalMika,BTC,Buy,2,0,1150.0,2025-01-29 19:35:47 -0600,MKT,Option
MichalMika,BTC,Sell,2,0,1480.0,2025-01-29 22:59:48 -0600,MKT,Option
MichalMika,ETH,Sell,1,0,3254.5,2025-01-30 07:19:25 -0600,MKT,Future
MichalMika,ETH,Buy,1,0,3252.5,2025-01-30 07:21:18 -0600,MKT,Future
MichalMika,ES,Buy,1,0,6074.0,2025-01-30 09:54:33 -0600,MKT,Future
MichalMika,ES,Buy,1,0,6066.25,2025-01-30 09:57:03 -0600,MKT,Future
MichalMika,ES,Sell,2,0,6066.25,2025-01-30 10:00:37 -0600,MKT,Future
MichalMika,ES,Sell,1,0,6082.0,2025-01-30 10:48:22 -0600,MKT,Future
MichalMika,ES,Sell,1,0,6083.25,2025-01-30 10:50:07 -0600,MKT,Future
MichalMika,ES,Buy,1,0,6086.25,2025-01-30 10:51:23 -0600,MKT,Future
MichalMika,ES,Sell,1,0,6086.5,2025-01-30 10:52:31 -0600,MKT,Future
MichalMika,ES,Buy,2,0,6089.75,2025-01-30 10:54:03 -0600,MKT,Future
MichalMika,ES,Sell,1,0,6091.25,2025-01-30 10:57:06 -0600,MKT,Future
MichalMika,ES,Buy,1,0,6090.25,2025-01-30 10:59:36 -0600,MKT,Future
MichalMika,ES,Buy,1,0,6088.25,2025-01-30 11:00:54 -0600,MKT,Future
MichalMika,ES,Buy,1,0,6082.0,2025-01-30 11:13:43 -0600,MKT,Future
MichalMika,ES,Buy,1,0,6078.0,2025-01-30 11:17:44 -0600,MKT,Future
MichalMika,ES,Buy,1,0,6071.5,2025-01-30 11:27:55 -0600,MKT,Future
MichalMika,ES,Sell,4,0,6097.75,2025-01-30 12:37:22 -0600,MKT,Future
MichalMika,GC,Buy,4,0,69.6,2025-01-30 12:38:43 -0600,MKT,Option
MichalMika,ETH,Buy,2,0,226.5,2025-02-03 09:08:13 -0600,MKT,Option
MichalMika,GC,Sell,4,0,67.9,2025-02-03 17:13:43 -0600,MKT,Option
MichalMika,ETH,Sell,2,0,266.5,2025-02-03 23:12:16 -0600,MKT,Option
MichalMika,BTC,Sell,3,0,2210.0,2025-02-18 12:06:45 -0600,MKT,Option
MichalMika,BTC,Buy,3,0,2355.0,2025-02-18 12:07:11 -0600,MKT,Option
MichalMika,BTC,Sell,1,0,160.0,2025-02-21 13:32:47 -0600,MKT,Option
MichalMika,BTC,Sell,2,0,2405.0,2025-02-21 13:32:29 -0600,MKT,Option
MichalMika,BTC,Sell,1,0,2415.0,2025-02-21 13:17:35 -0600,MKT,Option
Prashaman,ES,Sell,1,0,6061.75,2025-02-09 20:17:40 -0600,LMT,Future
Prashaman,ES,Sell,2,0,6062.25,2025-02-09 20:29:29 -0600,MKT,Future
Prashaman,ES,Buy,3,0,6064.25,2025-02-09 20:45:09 -0600,MKT,Future
Prashaman,ES,Buy,3,0,6064.75,2025-02-09 20:47:01 -0600,LMT,Future
Prashaman,ES,Sell,3,0,6062.75,2025-02-09 21:02:57 -0600,MKT,Future
Prashaman,GC,Sell,3,0,2907.2,2025-02-10 00:03:41 -0600,LMT,Future
Prashaman,GC,Buy,3,0,2911.0,2025-02-10 00:46:43 -0600,STP,Future
Prashaman,ES,Buy,3,0,6086.25,2025-02-10 09:05:26 -0600,MKT,Future
Prashaman,ES,Sell,3,0,6085.75,2025-02-10 09:11:23 -0600,MKT,Future
Prashaman,PL,Buy,3,0,1039.5,2025-02-10 09:27:14 -0600,MKT,Future
Prashaman,PL,Sell,3,0,1039.8,2025-02-10 09:29:54 -0600,MKT,Future
Prashaman,GC,Buy,5,0,2925.2,2025-02-11 09:28:34 -0600,LMT,Future
Prashaman,GC,Sell,5,0,2933.2,2025-02-11 10:00:54 -0600,MKT,Future
Prashaman,GC,Buy,5,0,2935.6,2025-02-11 10:22:55 -0600,LMT,Future
Prashaman,GC,Sell,5,0,2933.8,2025-02-11 10:33:00 -0600,MKT,Future
Prashaman,GC,Sell,5,0,2930.7,2025-02-11 10:36:46 -0600,LMT,Future
Prashaman,GC,Buy,5,0,2932.6,2025-02-11 10:39:19 -0600,MKT,Future
Prashaman,GC,Sell,5,0,2930.7,2025-02-11 10:44:28 -0600,MKT,Future
Prashaman,GC,Buy,5,0,2931.0,2025-02-11 10:56:49 -0600,MKT,Future
Prashaman,HG,Buy,10,0,4.6555,2025-02-12 09:52:10 -0600,MKT,Future
Prashaman,HG,Sell,10,0,4.6615,2025-02-12 09:57:19 -0600,MKT,Future
Prashaman,GC,Buy,5,0,2922.5,2025-02-12 10:00:09 -0600,MKT,Future
Prashaman,GC,Sell,5,0,2922.5,2025-02-12 10:00:35 -0600,MKT,Future
Prashaman,HG,Buy,10,0,4.671,2025-02-12 10:01:35 -0600,MKT,Future
Prashaman,HG,Sell,10,0,4.6715,2025-02-12 10:04:27 -0600,MKT,Future
Prashaman,HG,Buy,10,0,4.6793,2025-02-12 10:06:13 -0600,MKT,Future
Prashaman,HG,Sell,10,0,4.683,2025-02-12 10:10:06 -0600,MKT,Future
Prashaman,GC,Buy,5,0,2931.0,2025-02-12 10:57:11 -0600,MKT,Future
Prashaman,GC,Sell,5,0,2930.9,2025-02-12 11:19:31 -0600,MKT,Future
Epretese,ES,Buy,3,0,100.0,2025-01-23 15:31:27 -0600,MKT,Option
JR,ES,Buy,3,0,162.25,2025-01-22 19:03:00 -0600,MKT,Option
JR,GC,Buy,1,0,2792.6,2025-01-22 19:05:04 -0600,MKT,Future
JR,ZN,Buy,5,0,0.90625,2025-01-22 19:09:00 -0600,MKT,Option
JR,,Buy,10,0,0.23,2025-01-23 11:37:59 -0600,MKT,Option
JR,NQ,Sell,8,0,426.75,2025-02-10 10:11:07 -0600,MKT,Option
JR,GC,Sell,1,0,2845.1,2025-01-30 14:16:25 -0600,MKT,Future
JR,ZN,Sell,5,0,1.09375,2025-01-30 14:16:37 -0600,MKT,Option
JR,NQ,Buy,8,0,420.0,2025-01-30 14:17:38 -0600,MKT,Option
Captain Leverage,ES,Sell,10,0,106.5,2025-01-30 20:27:57 -0600,MKT,Option
Captain Leverage,GC,Sell,3,0,47.6,2025-02-02 17:03:55 -0600,MKT,Option
Captain Leverage,ES,Buy,10,0,114.25,2025-02-02 17:05:05 -0600,MKT,Option
Captain Leverage,ES,Sell,10,0,98.75,2025-02-02 17:16:52 -0600,MKT,Option
Captain Leverage,ES,Buy,10,0,119.75,2025-02-02 17:17:26 -0600,MKT,Option
Captain Leverage,ES,Sell,10,0,144.0,2025-02-03 14:16:27 -0600,MKT,Option
Captain Leverage,GC,Buy,3,0,41.1,2025-02-03 14:17:09 -0600,MKT,Option
Captain Leverage,BTC,Buy,2,0,4490.0,2025-02-03 14:40:41 -0600,MKT,Option
Captain Leverage,GC,Buy,8,0,51.7,2025-02-18 19:09:49 -0600,MKT,Option
Captain Leverage,BTC,Sell,2,0,325.0,2025-02-18 19:09:49 -0600,MKT,Option
Captain Leverage,GC,Sell,7,0,68.8,2025-02-18 19:11:58 -0600,MKT,Option
Captain Leverage,ES,Sell,1,0,89.25,2025-02-18 20:24:10 -0600,MKT,Option
Captain Leverage,GC,Sell,5,0,48.9,2025-02-04 09:49:29 -0600,LMT,Option
Captain Leverage,GC,Buy,5,0,43.7,2025-02-06 11:46:37 -0600,MKT,Option
Captain Leverage,GC,Sell,6,0,78.5,2025-02-06 11:51:31 -0600,MKT,Option
Captain Leverage,GC,Buy,6,0,71.5,2025-02-07 14:29:33 -0600,MKT,Option
Captain Leverage,GC,Sell,5,0,79.3,2025-02-07 14:31:20 -0600,MKT,Option
Captain Leverage,GC,Buy,5,0,57.0,2025-02-10 08:40:50 -0600,MKT,Option
Captain Leverage,GC,Sell,5,0,94.1,2025-02-10 08:46:30 -0600,LMT,Option
Captain Leverage,GC,Buy,5,0,110.24,2025-02-14 12:16:37 -0600,MKT,Option
Captain Leverage,GC,Sell,8,0,75.4,2025-02-14 12:19:14 -0600,LMT,Option
Captain Leverage,GC,Buy,4,0,2738.9,2025-01-20 20:03:21 -0600,MKT,Future
Captain Leverage,ES,Buy,10,0,84.75,2025-01-20 20:14:46 -0600,MKT,Option
Captain Leverage,GC,Sell,4,0,2751.9,2025-01-21 08:52:16 -0600,LMT,Future
